,metrics,earnings,occ,ability,age,region,female,edu,exp
0,Mean,3772.2072049999997,26.1202,59.8287,39.5683,2.4933,0.4994,7.8772,27.7538
1,Std,913.6723245129174,14.455965964265411,23.07246316087643,5.760775564973869,1.1222099224298454,0.4999996399998704,3.5686019895751895,7.092953232610518
2,Min,1346.25,0.0,20.0,30.0,1.0,0.0,2.0,6.0
3,Max,6393.75,52.0,99.0,49.0,4.0,1.0,17.0,46.0
